skill,prior,learn,guess,slip
Absolute Value,0.5870822699255485,0.11163901139826822,0.4290564231569865,0.08842997622595844
Absolute Value,0.5537983041146695,0.10850029338652072,0.43243728762978345,0.08728560612436172
Absolute Value,0.5464676555113168,0.11554123513945433,0.4357403254442841,0.08817608018092794
Absolute Value,0.5345447989827556,0.11385314255879739,0.4271024352468562,0.0875533928020997
Absolute Value,0.5610844292598682,0.11172798356488498,0.44764147118746084,0.08295838745430498
Addition Whole Numbers,0.6678250612909133,0.21523213229052027,0.3372170244657544,0.12819489272174
Addition Whole Numbers,0.6209358997313347,0.18190436240340155,0.3721985974814421,0.10678703275913994
Addition Whole Numbers,0.5991308004992323,0.20210838903287776,0.3837364262159766,0.12028309777523401
Addition Whole Numbers,0.6341798417925614,0.22235852728374758,0.3498627818152946,0.13159088057872953
Addition Whole Numbers,0.627367285515969,0.20868877808649355,0.37466403385963726,0.11535116399290476
Addition and Subtraction Fractions,0.766059289908627,0.07883193628310192,0.114168668625202,0.19538482200945162
Addition and Subtraction Fractions,0.7599706634938822,0.0819833486855648,0.11595651777397567,0.19237517821933792
Addition and Subtraction Fractions,0.7275323108506896,0.11168627933899919,0.13553989270178815,0.18983913382683654
Addition and Subtraction Fractions,0.7485929883063116,0.08847126846190075,0.10673790771026545,0.20325864126612944
Addition and Subtraction Fractions,0.7459465998364937,0.09030654283475092,0.12494031669445627,0.18774175268478058
Addition and Subtraction Integers,0.7228790800256089,0.00877115303916867,0.360201794825894,0.19356218102794306
Addition and Subtraction Integers,0.6809580513244521,0.007606464932454892,0.37717880171583623,0.1849924087782281
Addition and Subtraction Integers,0.7158477599793456,0.011642885291616499,0.34674900679609283,0.19836965033759593
Addition and Subtraction Integers,0.6888798873605826,0.01090780622394631,0.362851657999018,0.20469641271471425
Addition and Subtraction Integers,0.6951370039546643,0.008540551623873535,0.38225641501864127,0.18448064599035038
Addition and Subtraction Positive Decimals,0.640400518998302,0.09287101663375835,0.1265465919915681,0.19598048476314886
Addition and Subtraction Positive Decimals,0.592877540136722,0.08249098871722045,0.14471768404662227,0.18232739497762906
Addition and Subtraction Positive Decimals,0.6175179438401083,0.08263822848131457,0.15159303089245801,0.1956221852780873
Addition and Subtraction Positive Decimals,0.6126742261881521,0.08064304409053745,0.1530209906057719,0.20046184683753254
Addition and Subtraction Positive Decimals,0.620202541280567,0.09342068031018512,0.14925669344893214,0.19510767149548072
Box and Whisker,0.7628307447600793,0.11432428381342476,0.36449460423392827,0.15620433897082106
Box and Whisker,0.7559567129643874,0.1816999868417484,0.2898145166729886,0.1726915653873814
Box and Whisker,0.6815348565585205,0.11180437518531652,0.4199858323645732,0.14740156727123285
Box and Whisker,0.746368797083627,0.11985717444145083,0.3420187763835454,0.15823538742436039
Box and Whisker,0.774577060114242,0.13047144707607253,0.34268498414500737,0.16500285543694154
Calculations with Similar Figures,0.714589535214148,0.20255659096706968,0.11197591496923211,0.27211259470471977
Calculations with Similar Figures,0.6675192927526633,0.1363627056559005,0.27323405886137797,0.2531328025840281
Calculations with Similar Figures,0.661743340186439,0.1135051658821639,0.266834841780921,0.25053666865120716
Calculations with Similar Figures,0.7216530715818701,0.20261763952905618,0.11608054172567846,0.27030470920953725
Calculations with Similar Figures,0.6807677099115443,0.1133582726742042,0.28057612892736367,0.24694416552463264
Circle Graph,0.5733911928129022,0.05729274324367496,0.13202020631905706,0.2988672765831639
Circle Graph,0.5715823217453168,0.06032414453384603,0.14142112368862528,0.2838194794194417
Circle Graph,0.5476097413304878,0.07075400536378014,0.13057643293888826,0.2925390335068706
Circle Graph,0.5961602046916753,0.052547578897438045,0.1254800953408723,0.3000549596976822
Circle Graph,0.5988294214681452,0.04878400121244393,0.12707791795424817,0.28990781065811705
Complementary and Supplementary Angles,0.8548974016214465,0.11985773237516235,0.09534314664065735,0.1790373674874005
Complementary and Supplementary Angles,0.8314373669370637,0.1513747068711784,0.1197406535375155,0.17901109386965863
Complementary and Supplementary Angles,0.8418325288548364,0.1280783692974175,0.09789551619554974,0.18496190605805282
Complementary and Supplementary Angles,0.8564885766494819,0.1625077925027227,0.049958476626762484,0.18793665220890576
Complementary and Supplementary Angles,0.8354750454210715,0.1395213027340182,0.09559210221509838,0.16536233606603445
Congruence,0.9199727374811001,0.7316367033745276,0.05053329828315986,0.05800718698457508
Congruence,0.9055099245913827,0.7642250782762997,0.3032342161153281,0.05970606433558995
Congruence,0.9120737282845286,0.7176335090715151,0.10090323941986845,0.04778071280449278
Congruence,0.8308916589409046,0.8109060636950884,0.5,0.036951706332433484
Congruence,0.8944804564016005,0.7276684198196746,0.2939992538378059,0.06200372995143893
Conversion of Fraction Decimals Percents,0.5978023135977217,0.014075009715765543,0.4195842770779799,0.2019402112243557
Conversion of Fraction Decimals Percents,0.6020625858737025,0.017005584434340158,0.433718453328789,0.19893047616800394
Conversion of Fraction Decimals Percents,0.623299047066292,0.01395433725681315,0.4179138463861077,0.20537833200071007
Conversion of Fraction Decimals Percents,0.6068166609707494,0.014019462039794936,0.4204579524057105,0.2013143167778575
Conversion of Fraction Decimals Percents,0.6029203307904449,0.017173883446965597,0.4280954278310764,0.19835809695570836
Counting Methods,0.634901896694795,0.0001,0.38429508835989723,0.38429800500392297
Counting Methods,0.6599069636774588,0.0001,0.3674601082972077,0.3812439870318139
Counting Methods,0.620641191490416,0.0001,0.3762959925692072,0.38960498247041686
Counting Methods,0.7342068810028601,0.0001,0.35809352928209404,0.3913560869292202
Counting Methods,0.5376004338527614,0.00041800722498702985,0.40046168129012766,0.33744675946467645
Division Fractions,0.6657640472462086,0.18851427529319514,0.14839520345530202,0.17822934544503266
Division Fractions,0.6675291284332366,0.18065020175173305,0.16565835931072714,0.1749832365115751
Division Fractions,0.6633654739552782,0.20087353684210188,0.1462090565900668,0.17907117510216158
Division Fractions,0.6575382416057931,0.18325441301719425,0.15624744826891918,0.1843574173561649
Division Fractions,0.7154719629388141,0.18828717099550313,0.10593287921303374,0.17668946199831193
Equation Solving More Than Two Steps,0.49115177480208083,0.10504578825053859,0.24039183932313327,0.22760238509616856
Equation Solving More Than Two Steps,0.4898627537628483,0.0953375572202237,0.28983353666032535,0.21288454978936242
Equation Solving More Than Two Steps,0.4925814114537562,0.09365371135052483,0.27592175461915125,0.2122168427089697
Equation Solving More Than Two Steps,0.47517294579030794,0.09915423051183216,0.26636556723419835,0.20997541398357097
Equation Solving More Than Two Steps,0.5026450785851109,0.1083503804440237,0.24580274442381864,0.21278622841972228
Equation Solving Two or Fewer Steps,0.6469463638049892,0.036376699765340685,0.2970470049108779,0.2515146025709523
Equation Solving Two or Fewer Steps,0.6222987416907204,0.04370725574649095,0.2762261358622647,0.2507466428110586
Equation Solving Two or Fewer Steps,0.6809290927457768,0.03876069641387593,0.24477209742045447,0.26458785022555603
Equation Solving Two or Fewer Steps,0.6424423613829557,0.03665761739133084,0.2790306260433127,0.25479440059455166
Equation Solving Two or Fewer Steps,0.5818728233771086,0.034883969061155866,0.3329739364265873,0.23125900359331608
Equivalent Fractions,0.6278810206527149,0.09794571726645498,0.07560964962141661,0.3082947619215933
Equivalent Fractions,0.643884672014967,0.09068412833052261,0.08040282901494246,0.27532767392681623
Equivalent Fractions,0.5894386577990145,0.10799882257958542,0.09164714108929443,0.2810534129744475
Equivalent Fractions,0.6515097536027143,0.08721147553867685,0.07021029861036077,0.3090177845134994
Equivalent Fractions,0.6312670397841694,0.08118168977106033,0.08027742237579519,0.29548721338189443
Exponents,0.8912203604156291,0.17696182189995563,0.0984687799258432,0.18200263726747046
Exponents,0.7972890163984495,0.22517925001692982,0.23463496996623498,0.15944543839253564
Exponents,0.84441271020247,0.23200238538241982,0.21126965050460567,0.16601735888098937
Exponents,0.8350309844368881,0.19813453328741878,0.16130524951250955,0.16440269835206472
Exponents,0.860539006016058,0.2006785961229032,0.15173715786449046,0.17210697055062954
Finding Percents,0.40071633105591786,0.09260382360387485,0.12270221053480437,0.2042416075952863
Finding Percents,0.39071231469509166,0.08179977556368223,0.12875874540566737,0.18102252324080143
Finding Percents,0.3644918325300014,0.09470119239587563,0.12010628378500865,0.1898919938911868
Finding Percents,0.4003443312832202,0.08433644154015218,0.10212368600717948,0.21033326595822804
Finding Percents,0.41620832263174473,0.07765131559770931,0.12476819696786068,0.19461263344097773
Least Common Multiple,0.5328778761276006,0.26129296548674824,0.1110199352073252,0.2493619200086037
Least Common Multiple,0.5000592742533366,0.26425328373200935,0.12146827054630308,0.24122318979538376
Least Common Multiple,0.4831081159283054,0.36384050260802525,0.09527116950143122,0.23927150806191486
Least Common Multiple,0.5085185338435961,0.276842733953955,0.10643908652155498,0.23457173149628788
Least Common Multiple,0.4900774380975688,0.3265748200407287,0.11884244818673176,0.23989326101450845
Mean,0.698209728176432,0.1411378990331404,0.04413502931191034,0.34222695799655206
Mean,0.6761911319839804,0.16302737865506908,0.02457219211197677,0.33289737350323356
Mean,0.6909333579257819,0.15551223609480547,0.03680886914906901,0.3408822829397966
Mean,0.689571863011687,0.13943866657991236,0.045606511916893515,0.3350237541667209
Mean,0.6662055641009675,0.15321617778290925,0.060086825048394354,0.31658659571773035
Median,0.5796956132732249,0.07887191043947296,0.31586950291929794,0.17601731277944904
Median,0.589544675756239,0.07930030234706448,0.29916208617431556,0.17773942955505598
Median,0.5549069478598287,0.08803832529507981,0.31042678519501704,0.1779974120878371
Median,0.46124301215791175,0.08340920543262051,0.36876350515806794,0.14771778290082294
Median,0.5466499373105517,0.07744150219361425,0.35077154110538167,0.16712038467308885
Mode,0.879023918737962,0.385893682958868,0.025709894402166363,0.05885910365287515
Mode,0.9040828976495517,0.2581309112800213,0.03502978968750751,0.06999518410376179
Mode,0.8724339144289862,0.4978889580546536,0.050144883107988335,0.05871369133476278
Mode,0.8986976475515958,0.2567992755633218,0.03366064693564016,0.06879064759657803
Mode,0.9417452085295178,0.11873852504278143,0.013678270859513602,0.08463000950358163
Multiplication Fractions,0.5394072460567312,0.11902882283180605,0.3433377099844696,0.1927269271496358
Multiplication Fractions,0.5889698777825815,0.11658873711292708,0.3148035690503691,0.21540211798954842
Multiplication Fractions,0.5617292527787717,0.15986016157654445,0.3167392197697158,0.21522539244684447
Multiplication Fractions,0.662950319628511,0.13632594990671337,0.2654037302721344,0.23145112131946466
Multiplication Fractions,0.5800507612681799,0.11569450459962254,0.33391065648275053,0.19413140033279447
Multiplication and Division Integers,0.836756726673927,0.07064194606667658,0.3624659347484769,0.1214732359918797
Multiplication and Division Integers,0.9268346130784628,0.0657131096368788,0.1057360009534167,0.15457138818394084
Multiplication and Division Integers,0.8646319942495492,0.050628923924423634,0.3166772232736793,0.13067213030505634
Multiplication and Division Integers,0.8709737115130254,0.06097723033948893,0.31238797214277364,0.13939900530373686
Multiplication and Division Integers,0.914156230363425,0.06869663666606264,0.1735277074501306,0.1528625581268504
Multiplication and Division Positive Decimals,0.7863325318670135,0.1151474772830346,0.282260451301525,0.09129301686561882
Multiplication and Division Positive Decimals,0.7793381452337287,0.09146745998723549,0.34907937420075674,0.0896535995032643
Multiplication and Division Positive Decimals,0.7532262657146905,0.1097008039535556,0.36576266171236016,0.0729878711383619
Multiplication and Division Positive Decimals,0.7878256927549067,0.0937457935847051,0.34309857224682816,0.08220020111600096
Multiplication and Division Positive Decimals,0.8164341233410077,0.10933430668856252,0.3088583475555816,0.09230970799187624
"Order of Operations +,-,/,* () positive reals",0.877902892405419,0.03449590281326663,0.18507362321392876,0.22312235660485222
"Order of Operations +,-,/,* () positive reals",0.9160880532447143,0.04248671504357661,0.08553795430237791,0.268810860792779
"Order of Operations +,-,/,* () positive reals",0.906196971039727,0.034357511103006035,0.10238295211858013,0.26468366239952934
"Order of Operations +,-,/,* () positive reals",0.9229233427414264,0.022412219894680542,0.05856223970842513,0.25388394088176625
"Order of Operations +,-,/,* () positive reals",0.9195569463305981,0.03040670397576922,0.09048498180300872,0.26296643664686753
Order of Operations All,0.5774789440403114,0.16790663136324238,0.22684553513899516,0.23287962935819922
Order of Operations All,0.6076431271793442,0.17883608325045364,0.21102219057118304,0.2380510646643115
Order of Operations All,0.5310276617520763,0.1627446606776424,0.26781621991334364,0.21653860880346776
Order of Operations All,0.5507453123726584,0.15783067641353082,0.2763791976543807,0.22140074167713208
Order of Operations All,0.6163974124569365,0.16654280988632977,0.24259316498761746,0.22449618015486508
Ordering Fractions,0.6578646117090277,0.05697669060269017,0.5,0.06977194742526731
Ordering Fractions,0.6373985195758551,0.07251485821162572,0.5,0.06684901894592477
Ordering Fractions,0.6320414178785393,0.06179231476292919,0.5,0.07009684937640744
Ordering Fractions,0.6264065373179326,0.06669057428139176,0.4992653479631333,0.07273422768384132
Ordering Fractions,0.6316248597571086,0.06768938601301847,0.5,0.06933820774123176
Ordering Integers,0.8640528910862946,0.04299188263003034,0.4512188682487971,0.13409491672895457
Ordering Integers,0.8708966221550548,0.029448157291658773,0.4102877703131947,0.14098268797660127
Ordering Integers,0.8807943719426418,0.03227304076179228,0.40510585927895215,0.13822910537760444
Ordering Integers,0.8650483736106043,0.02407116339291572,0.4143123766480449,0.13365390761792909
Ordering Integers,0.9250663926316348,0.02919624736608997,0.4070067115312335,0.1432817248129283
Ordering Positive Decimals,0.6794391319249052,0.07460734373121976,0.43748523072958884,0.09780360527862969
Ordering Positive Decimals,0.7006787469874541,0.07452351982098245,0.42148519184665595,0.10608880010690691
Ordering Positive Decimals,0.6902306215753977,0.07482018861645881,0.4134775222493493,0.10543638178597359
Ordering Positive Decimals,0.6406982313198144,0.07412025122279808,0.44015391699353795,0.10375188620101598
Ordering Positive Decimals,0.6756473020361369,0.06917596048449547,0.43658843063156,0.10428588226481889
Pattern Finding ,0.5820396814284576,0.06203633513745766,0.09996149990634369,0.19416165742135025
Pattern Finding ,0.5941937194834132,0.054208135334852206,0.12563691241971445,0.19351919946310464
Pattern Finding ,0.6235020035894846,0.044834595316650766,0.10645396471418637,0.19493238227933085
Pattern Finding ,0.5904610279835282,0.04449188672861542,0.11389844007321023,0.19762084413152134
Pattern Finding ,0.6095781309514277,0.05048006076457465,0.10722929750685437,0.19726740815926805
Percent Of,0.6680219511348325,0.11481710516169909,0.07857039123298758,0.2854130846564487
Percent Of,0.657946649914631,0.1293464581792261,0.07440239421393949,0.2797156942226536
Percent Of,0.6734639842579161,0.1271486242299924,0.061079739762409054,0.29027043669071934
Percent Of,0.6641622416569534,0.1168120267861733,0.07109601000285067,0.2911233480134338
Percent Of,0.6978842293707312,0.1000140647431284,0.07166113373729449,0.2843396179888765
Probability of Two Distinct Events,0.5751658979305215,0.03082062114381179,0.271646892392438,0.40051025512438504
Probability of Two Distinct Events,0.613352786359403,0.01954405672837234,0.27153169974373254,0.3947842516983285
Probability of Two Distinct Events,0.5581057738875977,0.02128034486335372,0.29729334041829464,0.3829674272719534
Probability of Two Distinct Events,0.619649286811591,0.023542495539369067,0.27191720459079516,0.3898289064415063
Probability of Two Distinct Events,0.5868086999143888,0.02102691833216579,0.276866676371894,0.3857188201735885
Probability of a Single Event,0.8682966618780478,0.1240588899182681,0.14372630194958141,0.176515397893286
Probability of a Single Event,0.8804652364492096,0.1161444580757843,0.08464358173455276,0.17489790594375856
Probability of a Single Event,0.8629085507133475,0.09800053406491345,0.14052520896413576,0.17593219969478274
Probability of a Single Event,0.8697393652439472,0.12325681555721288,0.08746134812077017,0.17285147834681208
Probability of a Single Event,0.8533044520256884,0.13292192168275824,0.12908107059598933,0.17226051556191496
Proportion,0.5181869109607026,0.0435427570423971,0.36946621256674794,0.1663893619248778
Proportion,0.5020967425622203,0.037861892295153535,0.3807571683351978,0.16287778048291307
Proportion,0.4813407294937016,0.04212338065992253,0.3750162311246887,0.17459566289617395
Proportion,0.5460756009510506,0.03887188508443047,0.3705669707948661,0.18257537758910625
Proportion,0.4871386042211843,0.04148422441432051,0.40659575549920535,0.1548539286535596
Range,0.700150360100566,0.1377253449924606,0.3782366104676685,0.1403538222092261
Range,0.6743478340159881,0.2184455378803373,0.2903468920545416,0.14114622502165142
Range,0.7586644991057347,0.41520904051825747,0.040843588477964196,0.17221523463351066
Range,0.7478524061543098,0.3326482252728213,0.14798171640590974,0.1661118018836949
Range,0.7282988678065774,0.18323241769943716,0.30879654148196994,0.14567645613469812
Scatter Plot,0.686647631551186,0.3929563104674046,0.33179686101695943,0.05392393289148311
Scatter Plot,0.737295568084164,0.4635887828993896,0.2721792254423365,0.05602255565039077
Scatter Plot,0.6977088825330087,0.42005473939047705,0.33793665175985943,0.054165134969933075
Scatter Plot,0.5928912329168713,0.4186831357741317,0.43162389486932057,0.040341647797389614
Scatter Plot,0.6342152558806011,0.43886962618072795,0.3571673573773755,0.05118427710150611
Solving for a variable,0.6518792994048811,0.050565288245258376,0.3345288826065609,0.15779125619651874
Solving for a variable,0.6028757391667902,0.0749258351222038,0.36710361798438373,0.12378821751678065
Solving for a variable,0.5966172656323894,0.05841031401752938,0.3641777659384106,0.1529762498725745
Solving for a variable,0.5991707212005003,0.05536052795467244,0.3657116630967319,0.12064363331887347
Solving for a variable,0.6430192250309201,0.0532283533974953,0.34070771865079713,0.15034146729340148
Square Root,0.8119464380786748,0.04308714620625383,0.36529516899399744,0.15698122321736704
Square Root,0.7618903649066221,0.04393636376680193,0.3446524711623888,0.16418337489701057
Square Root,0.8086812038076118,0.04149737540640105,0.3250361181792902,0.15674371548572816
Square Root,0.788710611749496,0.043091559546023464,0.3597998954774072,0.15717403999535606
Square Root,0.8292257944841895,0.050766289935567394,0.2805761498153903,0.15015198159450413
Stem and Leaf Plot,0.8308533733857416,0.13533556881608166,0.023683754547755537,0.25090282727529983
Stem and Leaf Plot,0.7707133884334981,0.11736525184515788,0.12259158275397734,0.2369118917781737
Stem and Leaf Plot,0.7427026832816184,0.14600478981527867,0.16892925026912697,0.22971599170728105
Stem and Leaf Plot,0.7979102252774916,0.1138066143356552,0.10622961740389682,0.24008118758670127
Stem and Leaf Plot,0.7356653843728046,0.10794428343242923,0.21957691616599004,0.2176244302361916
Subtraction Whole Numbers,0.7904260849119392,0.11808077199222985,0.09591257616267002,0.18495523947932574
Subtraction Whole Numbers,0.7406691373971233,0.11056556146520395,0.14978554221697946,0.18246436023656737
Subtraction Whole Numbers,0.7767562132917678,0.1034899221310594,0.10860618423023323,0.18390250064589128
Subtraction Whole Numbers,0.7568144551411888,0.10749446975518018,0.12226617522071796,0.18700262707391238
Subtraction Whole Numbers,0.7451239714419194,0.11682764860487495,0.1380778400727087,0.17722887809542015
Table,0.8481614122038188,0.08766300384511266,0.1765597642463989,0.1976978951825509
Table,0.8402893429385669,0.11559567826610073,0.1301955965860841,0.19660482941043161
Table,0.851455005386923,0.1090332998722959,0.09130782136363318,0.21303568089593194
Table,0.860253778569503,0.1270442308594923,0.06856361356680671,0.2138158191293073
Table,0.8243759014409535,0.10368496130065678,0.18717463012422228,0.18939112147358278
Unit Conversion Within a System,0.8286225911503989,0.13798152182801912,0.13707657751666466,0.36954475710247936
Unit Conversion Within a System,0.7590338173378853,0.21168025824062114,0.07943904753347568,0.33237602858441634
Unit Conversion Within a System,0.7588134049559283,0.1725261407730029,0.15848988454667115,0.3581074219535613
Unit Conversion Within a System,0.8349651337070496,0.12051861616911644,0.1379380534612022,0.3778890404721403
Unit Conversion Within a System,0.8143605195693105,0.1480950675957679,0.1317104021881809,0.35525185355230204
Unit Rate,0.6555458794951309,0.08558753911483742,0.16417621056054799,0.3658754394937331
Unit Rate,0.6775965781497565,0.07689091037511032,0.19277684295124814,0.3688463742281284
Unit Rate,0.7103406284122663,0.06353897394295785,0.14479419051076303,0.39212252607129044
Unit Rate,0.6563321529815538,0.07103202963692848,0.16988136618619598,0.37978862430728555
Unit Rate,0.7162137525451667,0.06690927514251092,0.14849285622610198,0.3936515745008856
Venn Diagram,0.7719702497701262,0.29631977625688855,0.07411652701665859,0.2449933648758913
Venn Diagram,0.8022746051503946,0.22518105990662712,0.06688439273228668,0.24374517684062696
Venn Diagram,0.8151280345340809,0.22817402063904454,0.042503303344656795,0.2495389351749216
Venn Diagram,0.7227668406561109,0.39153230747452816,0.05414499260889197,0.2419405493974334
Venn Diagram,0.7825343682505056,0.24962564023612677,0.07099914694054771,0.24990107580496024
Volume Cylinder,0.5817258391225725,0.24202990651398124,0.18941549207564856,0.3010838448912838
Volume Cylinder,0.5988793743970434,0.20520435021477762,0.18875294666486195,0.2976840315967416
Volume Cylinder,0.622424467684605,0.22228005304134066,0.20564776591231457,0.3137231170943058
Volume Cylinder,0.4298633889048638,0.4434943801617462,0.1756813370699955,0.28944535623620105
Volume Cylinder,0.6440951051133013,0.18576739502924527,0.1789012625880377,0.3147262897565978
Volume Rectangular Prism,0.9600072500379233,0.0001,0.289515248004333,0.12740001985281335
Volume Rectangular Prism,0.9242323937656179,0.0001,0.4748827907775383,0.09995673108306337
Volume Rectangular Prism,0.9779744521955116,0.0001,0.23837404241476895,0.11877307319192848
Volume Rectangular Prism,0.9540931089090359,0.0001,0.33149004994251224,0.11678410669836567
Volume Rectangular Prism,0.979690093144505,0.0001,0.15171209763977395,0.12302747925925457
Write Linear Equation from Graph,0.5223549954405079,0.12005167947386179,0.11483510601721367,0.4075939821450733
Write Linear Equation from Graph,0.547828851682872,0.11394338979976142,0.12181128530594665,0.4185134530866792
Write Linear Equation from Graph,0.48290863751040236,0.12094645146931712,0.10179864026217747,0.3957410363989146
Write Linear Equation from Graph,0.48205432940186,0.1435338605400638,0.08917407849242841,0.3872154375117412
Write Linear Equation from Graph,0.544627514528712,0.12286672335985915,0.0990204408456615,0.40927148208842606
