skill,students,resp,Canonical_auc,Canonical_rmse,Fitted-all_auc,Fitted-all_rmse,Fitted-10_auc,Fitted-10_rmse,Fitted-25_auc,Fitted-25_rmse,Fitted-50_auc,Fitted-50_rmse,Fitted-100_auc,Fitted-100_rmse,Fitted-200_auc,Fitted-200_rmse,Mean_rmse
Absolute Value,1002,7340,0.6691436370747331,0.44175554361262975,0.7099970463189788,0.40661069319760007,0.6512678708534969,0.43359222062690866,0.6892361756693473,0.41430310579803303,0.7072330216499478,0.4079978166274502,0.7081881560313491,0.4077151281072992,0.7088162793273265,0.4066165115884311,0.42971843970318513
Addition Whole Numbers,988,4704,0.6502244574834682,0.4627136203823097,0.6702096799230077,0.4105002471571045,0.642827232932849,0.42675193814759427,0.6431650057433795,0.4176479368149591,0.6234311260128528,0.4190729176095872,0.6373385489429076,0.4185462345075767,0.6515943000838225,0.4146555763558153,0.4267948704788679
Addition and Subtraction Fractions,1353,11289,0.6992562612288542,0.4466769927537545,0.7253820287177661,0.42203486206632546,0.6767089023490034,0.4463648800116301,0.6927973216830051,0.4321413143562183,0.7225776207204263,0.42563703300610706,0.7313232205947676,0.42438840544977,0.7148529076405024,0.4248353231621799,0.46739544894587265
Addition and Subtraction Integers,1226,12307,0.6089202157516834,0.5108048970864063,0.6963753762345631,0.4595513496952016,0.6675021438941444,0.4732127892654575,0.6867915609586717,0.466408138168233,0.6954617227206746,0.4631908881494349,0.6959748587045187,0.46158338027752066,0.6961236675891991,0.45996897061176173,0.48995260694575543
Addition and Subtraction Positive Decimals,753,5012,0.7022878623589798,0.463156052178298,0.7573865578568493,0.4395118529477564,0.6878819013482927,0.48430144294332655,0.7267389440192836,0.4540190600816195,0.7373450907805117,0.4489399656272461,0.7463368679530643,0.44243346452024596,0.7533666468628616,0.4402625903220954,0.49458892766438883
Box and Whisker,505,3957,0.6137862103549423,0.4555160237822103,0.636950705144498,0.41863371659093895,0.6031205992869557,0.4286455957154535,0.5859111923227521,0.42490351516646313,0.6133554986158147,0.42243654179874335,0.6247575099778118,0.42165705452928814,0.6339072149368359,0.4187990901146232,0.43129173832593903
Calculations with Similar Figures,379,5538,0.5988719290313085,0.47643131553617685,0.5872515364392548,0.4542680049697561,0.5931389952798372,0.4585140006800048,0.5825199524943133,0.4558345712772235,0.5910217822135646,0.4546606449783063,0.6000392250177254,0.45342420832612007,0.5821722521347229,0.45414418040911625,0.46445861107465397
Circle Graph,616,6187,0.6925940201242394,0.48685534637098726,0.7178619121483837,0.45819278539838015,0.6776007599744022,0.4766371489393147,0.7072071883356079,0.46411242598002617,0.7036494691386085,0.4627674477938849,0.7144588376874406,0.45968518086136295,0.7158718496306437,0.45872114742738734,0.4997205630304233
Complementary and Supplementary Angles,458,1524,0.570415934975666,0.5154846658735155,0.6745983643570317,0.432472271919314,0.5746706136169786,0.4644973031467839,0.671627113541719,0.44200672784907064,0.6693442376197882,0.44008840884450295,0.6612563343535197,0.4388562941181163,0.6792885454819125,0.4330284620368971,0.46353772539927135
Congruence,364,587,0.5680798771121353,0.6038687706793363,0.526036866359447,0.307465182858455,0.5106144393241168,0.3250623947689404,0.552826420890937,0.31143344770421094,0.5683410138248849,0.3109547986512026,0.5344854070660522,0.31120214221369696,0.5710138248847927,0.3072512677793061,0.3082534128890484
Conversion of Fraction Decimals Percents,1225,18601,0.6151241205352765,0.5003508006824098,0.6683550207792679,0.46086519454658376,0.6495258404118979,0.46933365695210405,0.649058467122268,0.4649793903353177,0.6594482137200554,0.4628540139361117,0.6637777056487542,0.46139418285354694,0.6662316892622907,0.4608595083194462,0.4808610308891838
Counting Methods,444,4867,0.5383530441690241,0.5521462655157497,0.5683818403624956,0.49564195519431936,0.5189453351922854,0.5259230222620781,0.5228787209437424,0.5031426173932015,0.556518018054531,0.49840446162631485,0.555521499536613,0.4975417486389072,0.5616684702283972,0.4971802061142564,0.5004388517442432
Division Fractions,724,4029,0.6742550125998246,0.46243186860839375,0.705912106763541,0.4363553169574904,0.628785483432422,0.46879503194090205,0.691476407914764,0.44437209257247534,0.7036127439026099,0.4401689883381147,0.7085848392856642,0.438686618586037,0.7047572396433367,0.43736600323067315,0.4692350301624619
Equation Solving More Than Two Steps,412,4772,0.6736822519611675,0.47554228337034865,0.6856326024826614,0.45767844879531655,0.6391397389859201,0.47128847242901567,0.6578689942906099,0.4630703873636953,0.6774982916822502,0.459919369303017,0.681910672556965,0.4589479859509032,0.6774649220735275,0.45854489979683727,0.48431029148920723
Equation Solving Two or Fewer Steps,961,17275,0.6523008363265138,0.4858477273894918,0.6536848169190947,0.4561406751648841,0.5984406862383556,0.4696565005388069,0.6440181897815447,0.46170822459401534,0.6504095556379348,0.4592867645399959,0.660264041312117,0.4587253348772014,0.652143152072848,0.45655344901456313,0.4783795597151753
Equivalent Fractions,426,2942,0.6758053589636285,0.4812459746669854,0.7126018186904781,0.4582937357118432,0.6764797957961568,0.49037986364411223,0.7237606616278506,0.46261113708678864,0.7169300523226106,0.4620470610162797,0.7174375562127031,0.45947349462057946,0.7120138540469678,0.4594044075965458,0.5006921534213915
Exponents,619,2947,0.6108371075097215,0.47107891072911734,0.642992525310106,0.4127432758279467,0.6209564413796221,0.42357195950509713,0.6185531898330154,0.423527920460772,0.630864517635773,0.4168647361643449,0.6352871157340152,0.4143488731035044,0.6385517207607535,0.4126171380692509,0.42861768082486823
Finding Percents,771,7640,0.7702247974207486,0.4456215330937575,0.785047015852127,0.42790738143032697,0.7556366632109899,0.4548046234586961,0.7793885376610024,0.4308496608448331,0.7811621559036096,0.4297930601423118,0.7822067571737139,0.42967846732983844,0.7855272558258758,0.42882253430479383,0.4986716153082637
Least Common Multiple,367,3256,0.6551597648203452,0.4653126583290189,0.631499135515288,0.4557263737753083,0.6242929535268447,0.46609934508206136,0.6385991490766457,0.4614108667044127,0.6421985075871026,0.4586588148287063,0.6432317835093061,0.456699469724215,0.639215630978454,0.4560994043386755,0.4774512375931893
Mean,680,2939,0.6354494052262815,0.49464730571217647,0.6572286739629539,0.4753518673982784,0.6418842736033404,0.4918107978896014,0.6456752130560446,0.48624028742241504,0.6566226623275304,0.4816906210606311,0.658189701610087,0.47833985940943846,0.6509598202676296,0.47707426164681604,0.49960959096434293
Median,791,5783,0.6570842059265097,0.47421567164345413,0.6859645652484033,0.4508828599497728,0.6371005184913742,0.4722476786216355,0.6616868973936487,0.46352623025660833,0.6712874994100219,0.4569239785265344,0.677397551948572,0.45404231451684623,0.6799503675895427,0.4530657307924275,0.47497246350209404
Mode,572,1926,0.6700351940633891,0.4781820536041118,0.7138479586699173,0.3107078150740582,0.6506400160717077,0.3260914168470343,0.7107229044155032,0.31420876329787384,0.716591061848792,0.3143323971015551,0.7170895824084247,0.31070071950447536,0.719092345353218,0.3094770756706937,0.3302791225191015
Multiplication Fractions,783,5547,0.6377498459927754,0.48173752433195605,0.6469729265421691,0.45884803772014915,0.5998260369096752,0.47921617230621266,0.6400400707999411,0.4660638053372797,0.6470491348119956,0.46044281234102186,0.6500626151438992,0.45860971246948373,0.6474898991505743,0.4587333581295104,0.4743757496958955
Multiplication and Division Integers,900,6874,0.6162496353071996,0.44174176834747775,0.6734498578251841,0.3860692834037539,0.5978637387451531,0.40918914833065834,0.6819028831774252,0.38812740561238535,0.6817567529082076,0.38758778852820736,0.6609189815561957,0.38716286957965723,0.6635385042816992,0.3866568338791361,0.40914846436716157
Multiplication and Division Positive Decimals,348,1970,0.6291463957271741,0.45770102258043605,0.7400160541405935,0.38625951687056415,0.6119258907756693,0.43128307653271564,0.7337074864626342,0.3903060438085856,0.7265134279729355,0.39137485936641386,0.7266649518597524,0.3887082807083381,0.7349137644298784,0.3865208505784003,0.4181836032960855
"Order of Operations +,-,/,* () positive reals",664,2339,0.5661680628105491,0.514750028775076,0.6396177060772075,0.4533134003871357,0.5796088673716396,0.4996921083518089,0.5883540100649765,0.48119889486780065,0.6081367849407568,0.471000843631894,0.6398900337622627,0.4547912389628393,0.6463709548987131,0.45313657946987523,0.4796353890748626
Order of Operations All,651,3338,0.6281707892597149,0.4933796684898481,0.6476804372835806,0.47007850754873187,0.6010187236671777,0.48621809452157955,0.6324244107038954,0.47845702673267565,0.6389004607473925,0.47508202658151916,0.6483748751471228,0.4709277387953884,0.64641721993628,0.47087982788102095,0.4872488492238809
Ordering Fractions,882,8539,0.6395745331313866,0.42889514266495254,0.7186304438032591,0.38435036933103106,0.6667357278541295,0.3971811207768764,0.6984555853724492,0.3888437303610319,0.7142568183664959,0.38565905615370266,0.7171586370859993,0.38499283705027776,0.7179294248780794,0.38477492859404355,0.4062004797707989
Ordering Integers,490,3532,0.5569640546369519,0.46770686296623093,0.6267721063982746,0.3932542040929775,0.5668427989456026,0.4096390184707745,0.5936506110711719,0.40243901635571955,0.5963254253534628,0.3991894882372902,0.6189916127486221,0.3968572957740975,0.6277186676252097,0.3943154797239527,0.4107272646077811
Ordering Positive Decimals,942,7317,0.6335487216027833,0.4552324328079843,0.7040548757428955,0.4097811916038494,0.5485817811976292,0.44486469397443507,0.685456017403558,0.4151064064997473,0.6828784736458703,0.41414782138284606,0.6931884496423354,0.4109616285163791,0.6944063901947749,0.4107939153136181,0.4337817014357217
Pattern Finding ,447,5284,0.7430267919869118,0.43259848022135794,0.7584734861896669,0.4129529008310836,0.740693346506716,0.4206797978341361,0.7504354573436132,0.41776779418387894,0.7477436120767905,0.41862676464879833,0.7538953937452826,0.4160015071006967,0.7590182186023915,0.41301603017239386,0.4732400442018742
Percent Of,1115,9474,0.6728899821039585,0.47688855878109115,0.6768576352124793,0.4582124153215355,0.6355556426581803,0.48241084572543513,0.6767824822039157,0.46387078739043647,0.6767355347118049,0.46220340793208636,0.6822648802956957,0.4589993854639149,0.681139320535356,0.4588605952795042,0.4907717207409424
Probability of Two Distinct Events,452,7453,0.6046261305564313,0.5456569199964096,0.6110336431587358,0.48961351674566816,0.5944577656997543,0.49583924327825635,0.599417134870905,0.4939900998184429,0.6030509595264435,0.4920868749526235,0.6080736984747902,0.49090558094607245,0.605364424466322,0.4907859372409015,0.5001250617762528
Probability of a Single Event,939,7029,0.6360857227470514,0.44479987926088954,0.6463990966515265,0.403222782540229,0.5997256444998287,0.42501420910415527,0.6026144188796159,0.4168975022044002,0.647433260083821,0.4069527294540524,0.6364677700280187,0.405702800226176,0.6539037207275227,0.4035481794855196,0.4253732652511887
Proportion,756,9049,0.6526522960031691,0.48223107105511953,0.6923566305674239,0.4537932134323351,0.6259720456556117,0.4739787891062899,0.638590345284636,0.4651122753081358,0.6797717856645968,0.4566362243347569,0.6899304194797844,0.45380494394625537,0.6885848491510465,0.4538040916153961,0.48032550667501345
Range,769,4034,0.6353227664262819,0.4583198287051294,0.6365757847691441,0.4141613349001978,0.6103520700688669,0.43189709907825663,0.6351197388795046,0.41784202223295724,0.6403972707683645,0.41552327616135165,0.6464161915822072,0.41654432275275277,0.6414247593446812,0.4137188935587424,0.42626417648132836
Scatter Plot,354,1859,0.7171227539420609,0.4150850943283517,0.7215066414048813,0.3225697987996718,0.6786991199119913,0.341028982089165,0.6622687731736137,0.3319512078505999,0.6942305341645276,0.3274354980580252,0.6994204050034634,0.3248858989349769,0.7207375830175611,0.32332271397220547,0.3374262094736306
Solving for a variable,307,1792,0.5782728052540936,0.5113922161879364,0.6752624601667216,0.4627910079793963,0.6575613508487412,0.48410984352951114,0.6605292687859093,0.47429743555933357,0.6763132260362601,0.4645627718228013,0.6735534786958872,0.4640031467418167,0.6756682276157131,0.46311742412436335,0.48699041910832985
Square Root,341,5670,0.6152439811769541,0.4285084376033439,0.6318980320842186,0.3982069476338601,0.6001780177586136,0.40602289849578826,0.6185022002074645,0.40295206248326415,0.6293964019045635,0.4002825397742457,0.64444791843537,0.3980405830821327,0.6338189330563336,0.39821893329304303,0.41858014527405446
Stem and Leaf Plot,467,3828,0.6489283501380049,0.4688518038545593,0.6556007748299192,0.4453667807973829,0.6432969075649186,0.4528651039117422,0.6377236711166187,0.4532325427190025,0.6493750664989328,0.4452313791317903,0.6496164967423347,0.4459500149348104,0.6502954117300989,0.4458330036510891,0.46736615144596544
Subtraction Whole Numbers,903,5770,0.6803113391815601,0.4495378770258043,0.7098182813101648,0.41873696797163434,0.6558787994279105,0.44324317834511257,0.693193114005164,0.4259114186586328,0.6946808118519323,0.4256213684976307,0.7011709419677647,0.4214196016329431,0.7023827058457937,0.4208598177814308,0.4546465398394706
Table,713,6834,0.6200812430339536,0.4517198082244624,0.6136625773303973,0.42018647158935063,0.5257046213216916,0.4426631929815094,0.6032911084814199,0.4265154729371784,0.6316733546260651,0.42359524485270583,0.6176898883934638,0.42138545882594836,0.6378596754605981,0.4208599484105954,0.4396632517814571
Unit Conversion Within a System,361,1477,0.5724796158289687,0.5139801976022563,0.5866285743814618,0.4914937905343527,0.5334091857035814,0.5214992798506128,0.5706709705043167,0.4998280845560581,0.5902218727968671,0.4952224776446283,0.5618851990063524,0.4986134412161683,0.5818633476179403,0.4925381039893839,0.4986314399447046
Unit Rate,626,3315,0.5893894092588415,0.5052620232618421,0.6233005168216057,0.485602709744972,0.5378301183357407,0.5315225916395049,0.5912886700633135,0.4961331929077666,0.5940881204276376,0.49539792383565473,0.6147179528121951,0.4901923857203679,0.6292575889861918,0.4865982369591466,0.499407356235455
Venn Diagram,552,5809,0.5720165122837592,0.4704510145163178,0.5808662634744219,0.444218960773017,0.5617993716767781,0.45289177440476613,0.5538427251754638,0.4504978313724961,0.5958845862199407,0.4462549003028998,0.5786731450659751,0.4448420627561087,0.5788875418532953,0.44553120183964573,0.4545631325378724
Volume Cylinder,304,1285,0.6088050545945283,0.5031894594014914,0.5663010673536989,0.4937137360369149,0.559192737087474,0.5230738861507963,0.5796662986136669,0.503154449488299,0.5879867500920133,0.49361079526180685,0.5802968960863698,0.4926243013144216,0.5733824070666176,0.4932121916202573,0.4975680172238709
Volume Rectangular Prism,345,926,0.4811149517126381,0.5442334114092257,0.5617313972069756,0.35755021169519197,0.48799329535190716,0.3803031935897716,0.4674147154866949,0.3795855077258151,0.49960918502049606,0.3652973995491541,0.5582661710553741,0.35739675007533517,0.5786493434308344,0.35570670756126055,0.367450514276717
Write Linear Equation from Graph,332,1983,0.6364015306819735,0.4957831476231725,0.6525194226301237,0.47424840230097987,0.5707819514092577,0.5043653432336697,0.6138176638176638,0.4903924480652468,0.6357439471830615,0.4801966663718414,0.639901809274503,0.47730446171085533,0.6521293930888027,0.4747170872010305,0.491916014837053
