pop,policy,mastery,mastery_sd,challenge,waste,gain,prec,t_all,all_rate
weak,Random,0.16425,0.20676602643976524,0.23770000000000002,0.04768000000000001,2.277247705246456,,84.0,0.004
weak,Fixed curriculum,0.486,0.3078534940093644,0.5010699999999999,0.08285000000000001,3.1646951976554067,,93.0,0.098
weak,Counter rules,0.40375,0.3484535225210923,0.54274,0.06261,3.5652653574498867,0.48779405237461165,88.0,0.143
weak,Flat BKT+rules,0.2195,0.3092982628716421,0.32082,0.037590000000000005,2.7616406534633104,0.005344735435595938,86.5,0.066
weak,KT-IDEM-style BKT+rules,0.29175,0.3479446838263275,0.41120000000000007,0.05013,3.1938748454673695,0.021408625504188643,89.0,0.102
weak,Level-BKT+rules,0.42,0.4085240407759278,0.46387,0.08316,3.517756798246568,0.32028923862186304,86.0,0.232
weak,Level-BKT+rules (cal.),0.416,0.40013010896970014,0.52477,0.07312,3.5779859755406203,0.4555397051830718,88.0,0.206
weak,Oracle,0.53175,0.4910912421415273,0.51835,0.12603,3.739666256509336,,78.0,0.517
typical,Random,0.2905,0.2543116678888809,0.32264,0.09306,2.5609695304288516,,88.0,0.022
typical,Fixed curriculum,0.662,0.25898469660015255,0.65419,0.11087000000000001,3.397085051829029,,92.0,0.234
typical,Counter rules,0.6085,0.3503219597391455,0.64298,0.13449,3.526962296080937,0.4661630468995908,83.0,0.324
typical,Flat BKT+rules,0.4545,0.39380811931045157,0.41874,0.12273000000000002,3.0007164836816758,0.012078510317060896,77.0,0.24
typical,KT-IDEM-style BKT+rules,0.54,0.38199596977052114,0.52341,0.13895999999999997,3.3348407729723237,0.027705851890212324,80.0,0.289
typical,Level-BKT+rules,0.673,0.37760904198468104,0.60477,0.17329,3.6311788645396295,0.32941867293012334,82.0,0.468
typical,Level-BKT+rules (cal.),0.65825,0.3693316170372411,0.65303,0.15181,3.6235240394712562,0.46487667811426786,84.0,0.422
typical,Oracle,0.78275,0.40500489684257707,0.6285499999999999,0.26007,3.869944290987243,,67.0,0.77
strong,Random,0.449,0.29493386713971315,0.34746000000000005,0.17882,2.2839910273240385,,81.5,0.092
strong,Fixed curriculum,0.742,0.22773419344240525,0.62773,0.13492,2.8241586126297036,,91.0,0.324
strong,Counter rules,0.75975,0.29905161656371193,0.6240699999999999,0.2304,2.9616412870511826,0.45718901453957994,78.0,0.495
strong,Flat BKT+rules,0.6975,0.3558375617755528,0.47021,0.26663,2.784397877042546,0.037759439859964994,70.0,0.481
strong,KT-IDEM-style BKT+rules,0.745,0.32914029430219166,0.54278,0.26138,2.922999751037034,0.051654964894684054,74.0,0.522
strong,Level-BKT+rules,0.84525,0.26231421281784606,0.6192,0.27978,3.092211871967336,0.3424024640657084,77.0,0.664
strong,Level-BKT+rules (cal.),0.82525,0.26285743575469106,0.65108,0.2385,3.0430883862692277,0.4790136411332634,80.0,0.603
strong,Oracle,0.9445,0.2246557816309659,0.62119,0.41743,3.2616111810011787,,55.5,0.94
